	AA	AC	AG	AT	CA	CC	CG	CT	GA	GC	GG	GT	TA	TC	TG	TT
Apilactobacillus kunkeei	0.12660149420387248	0.062239726342929805	0.05835248557457821	0.09334935223622373	0.06894221860830053	0.029718087296195902	0.028921773301324775	0.0492442329390275	0.06700006069243487	0.03455666370029344	0.039414252192422804	0.05388171995048082	0.07797734782834424	0.05031110357127449	0.06828922650782311	0.0912002550544733
Apilactobacillus bombintestini	0.1291977661366952	0.05372363536173114	0.05828744211348054	0.10350515900910288	0.054529896113346306	0.025746475589638888	0.024197536533414343	0.052443155526197736	0.0635674344835869	0.033734020494742084	0.03678509486147857	0.05360353518405352	0.09739417938021244	0.04371204922694342	0.06854452714087397	0.10102809284450207
Apilactobacillus apinorum	0.13161660833769742	0.05605425478493644	0.05802675058040593	0.10112328444773579	0.06347514539947077	0.02518719484951741	0.025081072268708527	0.04826578015861481	0.06593211384645908	0.03350397536725719	0.03720134760297543	0.052476078201575994	0.08576934641563293	0.047263767674600485	0.0689335372732495	0.1000897427911623
Bombilactobacillus folatiphilus	0.11063722995726032	0.04773454683984995	0.05258064785231036	0.09289553666519289	0.06627986841629614	0.029472858775537444	0.03893704170246844	0.038681910577583495	0.061289865107238495	0.050020299261162506	0.04911308913044083	0.056958892605785565	0.06564516891487936	0.04614327941515882	0.07686676732875626	0.11674299745007911
Bombilactobacillus thymidiniphilus	0.11546845226569098	0.04767968318526594	0.0550763970461366	0.09690923297049225	0.06348048652399656	0.02557543600829107	0.03121960261028578	0.04448878136181813	0.05755151215594205	0.0503800827449441	0.042276623686813924	0.054732819423588264	0.07864160257864047	0.041127597646493284	0.07648444746163195	0.11890724232996863
