Organism	Genome_size(bp)	Origin_position(bp)	Terminus_position(bp)	Ori–Ter_distance(bp)	Ori–Ter_distance(%)	Symmetry_index(%)	Coding_GC(%)
Apilactobacillus kunkeei	1542216	1537000	770000	767000	49.73363004922786	50.4100592913055	36.56
Apilactobacillus bombintestini	1289211	89000	765000	676000	52.43517158944502	66.24206588370717	34.1
Apilactobacillus apinorum	1463863	1458000	721000	737000	50.34624141740039	51.14727266144441	34.73
Bombilactobacillus folatiphilus	1622785	1617000	811000	806000	49.66770089691487	50.38067273237059	38.38
Bombilactobacillus thymidiniphilus	1494436	761000	6000	755000	50.52073156695904	51.32371008193057	36.42
